AutoAvailable,Work,Recreate,Shop,Eatout
yes,0.418918919,0.364102564,0.272727273,0.326388889
